"nubbinID","Date","trt1","trt2","genotype","day1_ek","day1_rlc_time","day1_pmax","day1_pmax_min","day9_rlc_time","day9_ek","day9_pmax","day9_pmax_min","day13_rlc_time","day13_ek","day13_pmax","day13_pmax_min","day19_rlc_time","day19_ek","day19_pmax","day19_pmax_min","day27_rlc_time","day27_ek","day27_pmax","day27_pmax_min","day34_rlc_time","day34_ek","day34_pmax","day34_pmax_min","day40_rlc_time","day40_ek","day40_pmax","day40_pmax_min","day53_rlc_time","day53_ek","day53_pmax","day53_pmax_min","day62_rlc_time","day62_ek","day62_pmax","day62_pmax_min","day67_rlc_time","day67_ek","day67_pmax","day67_pmax_min","day72_rlc_time","day72_ek","day72_pmax","day72_pmax_min","day80_rlc_time","day80_ek","day80_pmax","day80_pmax_min","day86_rlc_time","day86_ek","day86_pmax","day86_pmax_min","day91_rlc_time","day91_ek","day91_pmax","day91_pmax_min","day94_rlc_time","day94_ek","day94_pmax","day94_pmax_min","day100_rlc_time","day100_ek","day100_pmax","day100_pmax_min","day112_rlc_time","day112_ek","day112_pmax","day112_pmax_min","day123_rlc_time","day123_ek","day123_pmax","day123_pmax_min","day136_rlc_time","day136_ek","day136_pmax","day136_pmax_min","day151_rlc_time","day151_ek","day151_pmax","day151_pmax_min","hsat_p1","day_length_p1","rel_hsat_p1","hsat_p9","day_length_p9","rel_hsat_p9","hsat_p13","day_length_p13","rel_hsat_p13","hsat_p19","day_length_p19","rel_hsat_p19","hsat_p27","day_length_p27","rel_hsat_p27","hsat_p34","day_length_p34","rel_hsat_p34","hsat_p40","day_length_p40","rel_hsat_p40","hsat_p53","day_length_p53","rel_hsat_p53","hsat_p62","day_length_p62","rel_hsat_p62","hsat_p67","day_length_p67","rel_hsat_p67","hsat_p72","day_length_p72","rel_hsat_p72","hsat_p80","day_length_p80","rel_hsat_p80","hsat_p86","day_length_p86","rel_hsat_p86","hsat_p91","day_length_p91","rel_hsat_p91","hsat_p94","day_length_p94","rel_hsat_p94","hsat_p100","day_length_p100","rel_hsat_p100","hsat_p112","day_length_p112","rel_hsat_p112","hsat_p123","day_length_p123","rel_hsat_p123","hsat_p136","day_length_p136","rel_hsat_p136","hsat_p151","day_length_p151","rel_hsat_p151","dspi_pmax1","dspi_pmax9","dspi_pmax13","dspi_pmax19","dspi_pmax27","dspi_pmax34","dspi_pmax40","dspi_pmax53","dspi_pmax62","dspi_pmax67","dspi_pmax72","dspi_pmax80","dspi_pmax86","dspi_pmax91","dspi_pmax94","dspi_pmax100","dspi_pmax112","dspi_pmax123","dspi_pmax136","dspi_pmax151"
43,"2024-06-25","nut","NO3","O",46.8695489863874,"07:44:34",36.46,2187.6,"09:26:21",40.7744942042908,27.23,1633.8,"09:48:44",38.2469258108867,31.24,1874.4,"09:10:40",28.3651243542551,20.43,1225.8,"06:47:40",16.7060012121094,11.29,677.4,"08:43:30",15.298002038491,9.8,588,"07:43:20",16.6450564606622,7.92,475.2,"10:30:11",27.2097994374677,18.72,1123.2,"08:25:09",26.4653491372465,24.06,1443.6,"10:17:48",29.8281745791324,26.68,1600.8,"09:51:02",27.4177916330675,24.49,1469.4,"10:50:16",31.8996696153141,26.61,1596.6,"09:33:50",30.9053536784783,26.61,1596.6,"11:48:48",31.3983140181118,21.77,1306.2,"09:52:17",28.0746471735109,23.52,1411.2,"09:30:55",29.7077983838009,24.46,1467.6,"09:17:40",47.8293854780664,36.41,2184.6,"10:46:48",39.6672847750777,31.08,1864.8,"10:20:05",46.048602407436,34.62,2077.2,NA,NA,NA,NA,692.5,818.5,0.845994405602153,679.8,815.6,0.833370692243406,698.4,819.4,0.852622084427687,715.4,808.8,0.884523978683197,740.2,806.2,0.918100566997488,733.4,811,0.90511936003216,731,796.8,0.917422770194013,678.2,778.2,0.871446209101018,662.8,778,0.852855199211825,653.6,761.6,0.858104128397246,666.4,759.4,0.877557876772185,640.6,749.6,0.854668677460099,649.2,744.6,0.87193051381393,649,739.4,0.877730713553309,648.6,736.2,0.881004177716868,627.2,727.4,0.862230542056114,562.8,706.8,0.7957614130761,571.6,696.6,0.820444972891654,550.2,682.6,0.805939856810207,NA,598.5,NA,1514913,1110657.24,1309080.96,876937.32,501411.48,431239.2,347371.2,761754.24,956818.08,1046282.88,979208.16,1022781.96,1036512.72,847723.8,915304.32,920478.72,1229492.88,1065919.68,1142875.44,NA
5,"2024-06-25","nut","NO3","B",75.2013376078853,"07:50:11",57.17,3430.2,"11:26:45",148.898669223676,101.46,6087.6,"09:00:27",53.5678768938055,41.96,2517.6,"08:42:33",43.5932082156427,35.92,2155.2,"10:35:23",34.0379944738766,26.92,1615.2,"10:31:14",36.0618667022528,19.21,1152.6,"09:44:39",48.8771231263653,25.76,1545.6,"09:00:20",34.2746718854716,24.47,1468.2,"08:05:32",26.0086058562581,20.3,1218,"09:57:25",41.7869599359583,31.47,1888.2,"09:11:05",69.8451567263972,48.12,2887.2,"10:26:43",45.5390809313664,34.3,2058,"10:48:52",76.4656934217447,48.99,2939.4,"11:02:24",53.6044658353432,33.04,1982.4,"10:59:47",69.7136259125372,44.43,2665.8,"09:45:08",60.7424446127311,41.49,2489.4,"08:53:29",62.4443349623133,48.25,2895,"11:19:22",59.9547681977076,46.88,2812.8,"11:47:08",46.8832837550267,24.12,1447.2,"09:39:22",46.6109168229834,26.26,1575.6,633.25,818.5,0.77361106542667,557.2,815.6,0.68284723494877,677,819.4,0.826458934117978,688.4,808.8,0.851156253834576,697.4,806.2,0.864964195587868,690.8,811,0.852357282749156,661.6,796.8,0.830388092179659,663.4,778.2,0.852379510383368,663.6,778,0.853844655975697,628.4,761.6,0.824985556985856,571.8,759.4,0.753024630138277,612.4,749.6,0.817003278662205,549.2,744.6,0.737614066687548,608.4,739.4,0.822777833233175,566.8,736.2,0.769905383234526,566.6,727.4,0.77894777259692,518.2,706.8,0.732535280102541,499.4,696.6,0.716925062539892,545.4,682.6,0.798918732272026,426.5,598.5,0.703544151633405,2172174.15,3392010.72,1704415.2,1483639.68,1126440.48,796216.08,1022568.96,974003.88,808264.8,1186544.88,1650900.96,1260319.2,1614318.48,1206092.16,1510975.44,1410494.04,1500189,1404712.32,789302.88,671993.4
46,"2024-06-25","nut","NH4","P",40.2658223118883,"07:56:26",32.62,1957.2,"11:21:17",39.2846976064338,27.85,1671,"08:35:24",41.6424251568872,33.11,1986.6,"07:36:45",32.0881473026526,25.65,1539,"08:54:21",22.8076809888869,18.08,1084.8,"08:38:56",28.2039204594728,14.14,848.4,"07:18:00",24.8883220078562,17.03,1021.8,"09:59:50",39.2845603092235,31.6,1896,"09:24:50",53.7744056715548,39.92,2395.2,"09:16:41",21.4449318795167,20.51,1230.6,"10:35:17",21.6308368489291,18.97,1138.2,"09:06:29",30.7101676128967,17.67,1060.2,NA,NA,NA,NA,"12:26:46",50.9988948577859,26.66,1599.6,NA,NA,NA,NA,NA,NA,NA,NA,NA,NA,NA,NA,NA,NA,NA,NA,NA,NA,NA,NA,NA,NA,NA,NA,701.75,818.5,0.857298452365392,683,815.6,0.837304654028605,690.6,819.4,0.843084312179186,708.6,808.8,0.876120872229753,719.4,806.2,0.892262644652538,704.4,811,0.869187446237342,707.8,796.8,0.888287112937747,651.4,778.2,0.836923732496512,597.8,778,0.769413311814785,681.6,761.6,0.894930467083239,682.8,759.4,0.89915151211674,643.4,749.6,0.858392525533291,NA,744.6,NA,610.8,739.4,0.826032439727679,NA,736.2,NA,NA,727.4,NA,NA,706.8,NA,NA,696.6,NA,NA,682.6,NA,NA,598.5,NA,1373465.1,1141293,1371945.96,1090535.4,780405.12,597612.96,723230.04,1235054.4,1431850.56,838776.96,777162.96,682132.68,NA,977035.68,NA,NA,NA,NA,NA,NA
10,"2024-06-25","nut","NH4","D",79.3366960085156,"08:05:52",60.86,3651.6,"14:11:32",151.894397827315,87.24,5234.4,"08:10:45",61.0007696479833,46.14,2768.4,"11:25:48",87.340411608844,64.27,3856.2,"09:59:51",24.9628979169622,16.67,1000.2,"11:06:42",55.9922833547057,17.89,1073.4,"11:08:59",227.23485375388,50.41,3024.6,"09:16:01",25.6114317692512,19.89,1193.4,"09:59:31",39.7550145007462,30.08,1804.8,"09:32:35",41.4275272669358,31.39,1883.4,"11:06:05",58.0360821339134,37.89,2273.4,"10:12:48",66.3475277896977,33.49,2009.4,"11:19:57",74.4202958698643,42.05,2523,"10:41:16",51.6184391231091,27.56,1653.6,"11:19:35",78.0232472714848,39.56,2373.6,"09:50:15",58.8142918352109,42.37,2542.2,"08:43:03",54.2680800435706,42.37,2542.2,"10:06:28",70.6771303263224,55.61,3336.6,"11:37:36",75.809871184302,58.12,3487.2,"09:29:18",58.569154123156,43.22,2593.2,625.25,818.5,0.763837361346674,555.6,815.6,0.680884612230479,669.4,819.4,0.81714839969537,586.4,808.8,0.725008100574513,715,806.2,0.886804649018701,646.6,811,0.797784280262233,383.2,796.8,0.480895720027653,681.2,778.2,0.875288067665007,629.8,778,0.810354090483737,629,761.6,0.825774347228049,604.4,759.4,0.795904964464072,569.4,749.6,0.759662131240533,552.8,744.6,0.742443124967332,610.2,739.4,0.825218328465807,552.6,736.2,0.750615917701194,568.2,727.4,0.781144067385807,544.6,706.8,0.769833858521863,467.8,696.6,0.671596337058858,434.6,682.6,0.636549703424272,297.25,598.5,0.510911364176687,2283162.9,2908232.64,1853166.96,2261275.68,715143,694060.44,1159026.72,812944.08,1136663.04,1184658.6,1374042.96,1144152.36,1394714.4,1009026.72,1311651.36,1444478.04,1384482.12,1560861.48,1515537.12,770828.7
20,"2024-06-25","nut","NH4","G",42.2885618282091,"08:36:17",30.26,1815.6,"08:52:20",66.5977469479326,48.86,2931.6,"09:59:35",31.867897332844,25.99,1559.4,"09:20:03",33.6207951413646,24.78,1486.8,"07:15:06",32.2811201691856,22.66,1359.6,"08:52:48",75.640830669203,41.57,2494.2,"08:11:00",31.3121380965021,17.54,1052.4,"10:53:38",39.0353014941713,28.1,1686,"08:34:57",38.472751096391,30.53,1831.8,"10:39:07",42.7355604394879,34.05,2043,"10:10:18",36.9210608528811,27.01,1620.6,"11:19:55",45.3689449155501,34.05,2043,"10:23:25",40.9632637104464,29.75,1785,"12:08:01",37.9759893382901,26.13,1567.8,"10:21:59",45.4204065557723,31.09,1865.4,"10:31:32",50.6506620137838,33.89,2033.4,"10:27:20",56.1202578462409,34.35,2061,"09:59:44",56.9922662432257,39.36,2361.6,"10:37:07",63.467982732103,43.62,2617.2,"11:14:19",52.5043131780597,35.16,2109.6,697.75,818.5,0.852410682921854,637.2,815.6,0.781036357241451,712.4,819.4,0.86973248461348,705.4,808.8,0.87216316645158,701.4,806.2,0.869920951499104,599.2,811,0.739236943956578,693.6,796.8,0.870490660947992,651.8,778.2,0.837440536126156,633.6,778,0.815252927982956,626.8,761.6,0.822882998892073,642.2,759.4,0.845670095922873,613.2,749.6,0.818066077163705,620,744.6,0.83269457009077,635,739.4,0.858789275888587,609.8,736.2,0.828296250604638,581.2,727.4,0.799005465076619,539,706.8,0.761913872735179,508.4,696.6,0.729828851217841,472.2,682.6,0.691678581922808,357.5,598.5,0.599943862850914,1266834.9,1868015.52,1110916.56,1048788.72,953623.44,1494524.64,729944.64,1098934.8,1160628.48,1280552.4,1040749.32,1252767.6,1106700,995553,1137520.92,1181812.08,1110879,1200637.44,1235841.84,754182
15,"2024-06-25","dead","dead","E",53.9474751817168,"08:42:07",40.21,2412.6,"10:04:01",48.5025087204918,36.17,2170.2,"09:43:05",36.561397902168,31.1,1866,NA,NA,NA,NA,NA,NA,NA,NA,NA,NA,NA,NA,NA,NA,NA,NA,NA,NA,NA,NA,NA,NA,NA,NA,NA,NA,NA,NA,NA,NA,NA,NA,NA,NA,NA,NA,NA,NA,NA,NA,NA,NA,NA,NA,NA,NA,NA,NA,NA,NA,NA,NA,NA,NA,NA,NA,NA,NA,NA,NA,NA,NA,NA,NA,NA,NA,NA,NA,681.75,818.5,0.832858084188902,667.2,815.6,0.817906073823157,702.6,819.4,0.857748049091115,NA,808.8,NA,NA,806.2,NA,NA,811,NA,NA,796.8,NA,NA,778.2,NA,NA,778,NA,NA,761.6,NA,NA,759.4,NA,NA,749.6,NA,NA,744.6,NA,NA,739.4,NA,NA,736.2,NA,NA,727.4,NA,NA,706.8,NA,NA,696.6,NA,NA,682.6,NA,NA,598.5,NA,1644790.05,1447957.44,1311051.6,NA,NA,NA,NA,NA,NA,NA,NA,NA,NA,NA,NA,NA,NA,NA,NA,NA
47,"2024-06-25","dead","dead","P",48.3299037809991,"08:50:01",37,2220,"15:19:39",44.3562222758264,29.8,1788,"10:36:38",41.3145242970638,29.52,1771.2,"09:43:15",29.37064150979,25.36,1521.6,"07:41:49",25.5690846747586,21.67,1300.2,"10:08:22",16.4012359420423,7.64,458.4,NA,NA,NA,NA,NA,NA,NA,NA,NA,NA,NA,NA,NA,NA,NA,NA,NA,NA,NA,NA,NA,NA,NA,NA,NA,NA,NA,NA,NA,NA,NA,NA,NA,NA,NA,NA,NA,NA,NA,NA,NA,NA,NA,NA,NA,NA,NA,NA,NA,NA,NA,NA,NA,NA,NA,NA,691.75,818.5,0.845075285197755,672,815.6,0.823800874570726,690.8,819.4,0.843329110220802,714,808.8,0.882789149250332,713.8,806.2,0.885314542551541,730.2,811,0.901157308916689,NA,796.8,NA,NA,778.2,NA,NA,778,NA,NA,761.6,NA,NA,759.4,NA,NA,749.6,NA,NA,744.6,NA,NA,739.4,NA,NA,736.2,NA,NA,727.4,NA,NA,706.8,NA,NA,696.6,NA,NA,682.6,NA,NA,598.5,NA,1535685,1201536,1223544.96,1086422.4,928082.76,334723.68,NA,NA,NA,NA,NA,NA,NA,NA,NA,NA,NA,NA,NA,NA
40,"2024-06-25","nut","NO3","N",60.9759106099737,"08:57:41",44.56,2673.6,"10:52:23",39.0480481116107,26.59,1595.4,"10:07:45",37.5046933361514,30.45,1827,"09:05:59",63.7350773807611,46.97,2818.2,"07:00:21",23.9108202100043,17.91,1074.6,"08:08:50",25.6177369140112,17.88,1072.8,"07:54:45",19.0626128146101,11.78,706.8,"08:55:01",20.4077581472605,11.77,706.2,NA,NA,NA,NA,NA,NA,NA,NA,NA,NA,NA,NA,NA,NA,NA,NA,NA,NA,NA,NA,NA,NA,NA,NA,NA,NA,NA,NA,NA,NA,NA,NA,NA,NA,NA,NA,NA,NA,NA,NA,NA,NA,NA,NA,NA,NA,NA,NA,664,818.5,0.811167609325273,683.8,815.6,0.838287766141868,700.2,819.4,0.854813601230724,640.4,808.8,0.791804420884818,717.2,806.2,0.88953027854028,709.6,811,0.87558149116802,723.6,796.8,0.908130601599795,695.2,778.2,0.893249696406614,NA,778,NA,NA,761.6,NA,NA,759.4,NA,NA,749.6,NA,NA,744.6,NA,NA,739.4,NA,NA,736.2,NA,NA,727.4,NA,NA,706.8,NA,NA,696.6,NA,NA,682.6,NA,NA,598.5,NA,1775270.4,1090934.52,1279265.4,1804775.28,770703.12,761258.88,511440.48,490950.24,NA,NA,NA,NA,NA,NA,NA,NA,NA,NA,NA,NA
3,"2024-06-25","dead","dead","A",47.7846887891923,"09:05:20",35.55,2133,"10:08:41",38.5158411971229,29.36,1761.6,"08:40:29",32.9943113307633,27.72,1663.2,"07:41:56",28.6804834328337,22.59,1355.4,"09:08:44",22.3532368064422,12.87,772.2,"08:28:39",13.6529243893555,8.19,491.4,"07:33:53",3.0738250921093,7.06,423.6,NA,NA,NA,NA,NA,NA,NA,NA,NA,NA,NA,NA,NA,NA,NA,NA,NA,NA,NA,NA,NA,NA,NA,NA,NA,NA,NA,NA,NA,NA,NA,NA,NA,NA,NA,NA,NA,NA,NA,NA,NA,NA,NA,NA,NA,NA,NA,NA,NA,NA,NA,NA,692,818.5,0.845382033664013,685.2,815.6,0.840001682602414,710.8,819.4,0.867792386472322,714.8,808.8,0.883780484259405,720.6,806.2,0.893749996613694,736.2,811,0.908563981899249,778.6,796.8,0.977151933719484,NA,778.2,NA,NA,778,NA,NA,761.6,NA,NA,759.4,NA,NA,749.6,NA,NA,744.6,NA,NA,739.4,NA,NA,736.2,NA,NA,727.4,NA,NA,706.8,NA,NA,696.6,NA,NA,682.6,NA,NA,598.5,NA,1476036,1207048.32,1182202.56,968839.92,556447.32,361768.68,329814.96,NA,NA,NA,NA,NA,NA,NA,NA,NA,NA,NA,NA,NA
6,"2024-06-25","nut","NH4","B",81.9172883976035,"09:15:02",66.44,3986.4,"07:55:23",77.1312378968332,50.24,3014.4,"07:29:04",46.1597440253909,33.49,2009.4,"11:35:23",46.1624979539206,36.61,2196.6,"09:27:51",27.7586681861997,21.71,1302.6,"10:52:39",24.7752085739252,17.96,1077.6,"10:52:44",22.0207524345837,17.58,1054.8,"09:26:29",18.1173580438624,16.37,982.2,"07:45:47",25.5844512475191,16.91,1014.6,"09:59:31",41.8033589771333,27.45,1647,"09:21:39",42.1411901800144,25.05,1503,"10:36:06",35.8089914716163,24.34,1460.4,"09:59:56",58.7294374755698,30.22,1813.2,"11:30:35",47.9665267301051,25.28,1516.8,"09:47:38",50.1369545858924,26.19,1571.4,"09:08:22",36.9751398834632,24.44,1466.4,"10:31:59",22.0260587233339,14.35,861,NA,NA,NA,NA,NA,NA,NA,NA,NA,NA,NA,NA,620.25,818.5,0.757721836171723,625.8,815.6,0.767045701656741,684.4,819.4,0.835497929557951,683,808.8,0.844480340454489,709.2,806.2,0.879603838403096,711.6,811,0.878044327924773,715,796.8,0.897328682201591,700,778.2,0.899417987263993,664.6,778,0.855127645427156,628.4,761.6,0.824985556985856,632.2,759.4,0.832496213704316,630.6,749.6,0.841313277833275,580.4,744.6,0.779503219857722,617.2,739.4,0.834704948651487,602.4,736.2,0.818246675968799,609.4,727.4,0.837748385493122,637.2,706.8,0.901480483290629,NA,696.6,NA,NA,682.6,NA,NA,598.5,NA,2472564.6,1886411.52,1375233.36,1500277.8,923803.92,766820.16,754182,687540,674303.16,1034974.8,950196.6,920928.24,1052381.28,936168.96,946611.36,893624.16,548629.2,NA,NA,NA
35,"2024-06-25","nut","NO3","L",37.0560851204962,"09:22:59",28.42,1705.2,"09:10:45",27.6797317687456,23.5,1410,"08:00:29",15.1582999289336,16.41,984.6,"11:06:44",19.2391292987381,15.36,921.6,"10:06:30",21.2094426245786,17.72,1063.2,"11:16:03",23.5536768825956,10.73,643.8,"10:46:08",2.77391688971713,6.28,376.8,"10:48:12",33.1473295051811,21.51,1290.6,NA,NA,NA,NA,"09:26:31",13.372627449715,15.7,942,NA,NA,NA,NA,NA,NA,NA,NA,"11:12:10",9.66475432802972,4.58,274.8,"10:57:18",31.4371764229287,14.17,850.2,"11:09:42",38.5467829642985,21.15,1269,"10:04:56",28.4577514171158,22.45,1347,NA,NA,NA,NA,NA,NA,NA,NA,NA,NA,NA,NA,NA,NA,NA,NA,709.75,818.5,0.867083709191685,716.6,815.6,0.878569006735137,744.2,819.4,0.908424324520671,732,808.8,0.905059023884221,724.4,806.2,0.898466338281854,714.8,811,0.88199092414512,780.8,796.8,0.979915578539885,665,778.2,0.854444060089781,NA,778,NA,704,761.6,0.924351728928053,NA,759.4,NA,NA,749.6,NA,703.8,744.6,0.945222738327814,649,739.4,0.877730713553309,625.4,736.2,0.849494526860233,629.6,727.4,0.865539790935519,NA,706.8,NA,NA,696.6,NA,NA,682.6,NA,NA,598.5,NA,1210265.7,1010406,732739.32,674611.2,770182.08,460188.24,294205.44,858249,NA,663168,NA,NA,193404.24,551779.8,793632.6,848071.2,NA,NA,NA,NA
29,"2024-06-25","CTL","CTL","J",49.3734706603345,"09:32:02",37.66,2259.6,"15:27:00",64.4634247610351,43.37,2602.2,"10:26:12",32.7907567256473,24.71,1482.6,"09:57:36",28.3936768069309,23.59,1415.4,"07:26:20",23.0619931511072,17.37,1042.2,"09:38:45",26.7724328672024,12.67,760.2,"09:18:17",21.0567866708758,11.77,706.2,"10:19:54",24.9120989881231,16.7,1002,NA,NA,NA,NA,NA,NA,NA,NA,NA,NA,NA,NA,NA,NA,NA,NA,NA,NA,NA,NA,NA,NA,NA,NA,NA,NA,NA,NA,NA,NA,NA,NA,NA,NA,NA,NA,NA,NA,NA,NA,NA,NA,NA,NA,NA,NA,NA,NA,690.5,818.5,0.843548650462906,640.2,815.6,0.78471949442118,711,819.4,0.868030481710418,715.2,808.8,0.8842761472086,718.8,806.2,0.891514824757419,707,811,0.872403106080669,717.2,796.8,0.900096752729699,682.4,778.2,0.876821995558185,NA,778,NA,NA,761.6,NA,NA,759.4,NA,NA,749.6,NA,NA,744.6,NA,NA,739.4,NA,NA,736.2,NA,NA,727.4,NA,NA,706.8,NA,NA,696.6,NA,NA,682.6,NA,NA,598.5,NA,1560253.8,1665928.44,1054128.6,1012294.08,749133.36,537461.4,506486.64,683764.8,NA,NA,NA,NA,NA,NA,NA,NA,NA,NA,NA,NA
14,"2024-06-25","CTL","CTL","E",43.5576941756433,"09:40:24",33.44,2006.4,"14:34:31",41.0081871875343,23.97,1438.2,"11:13:10",23.9518453351303,19.24,1154.4,"10:13:44",25.4814748071315,19.24,1154.4,"07:58:18",26.004912140987,16.93,1015.8,"09:29:06",10.4479710905002,6.62,397.2,"08:38:52",28.9453362272328,6.86,411.6,NA,NA,NA,NA,NA,NA,NA,NA,NA,NA,NA,NA,NA,NA,NA,NA,NA,NA,NA,NA,NA,NA,NA,NA,NA,NA,NA,NA,NA,NA,NA,NA,NA,NA,NA,NA,NA,NA,NA,NA,NA,NA,NA,NA,NA,NA,NA,NA,NA,NA,NA,NA,695.25,818.5,0.849353680838842,679.2,815.6,0.832631767043697,723.6,819.4,0.883448979159147,722.6,808.8,0.893435623759538,712.8,806.2,0.884072280585968,745,811,0.919367345938782,697.4,796.8,0.875251789193225,NA,778.2,NA,NA,778,NA,NA,761.6,NA,NA,759.4,NA,NA,749.6,NA,NA,744.6,NA,NA,739.4,NA,NA,736.2,NA,NA,727.4,NA,NA,706.8,NA,NA,696.6,NA,NA,682.6,NA,NA,598.5,NA,1394949.6,976825.44,835323.84,834169.44,724062.24,295914,287049.84,NA,NA,NA,NA,NA,NA,NA,NA,NA,NA,NA,NA,NA
21,"2024-06-25","nut","NO3","G",41.9044441952043,"09:48:42",31.58,1894.8,"15:38:07",34.5396360913431,25.71,1542.6,"10:12:14",37.5722720518863,27.77,1666.2,NA,NA,NA,NA,"07:36:28",36.2942142368209,27.74,1664.4,"10:03:39",30.3710296108348,18.45,1107,"09:28:34",37.0526135067,22.29,1337.4,"11:40:16",38.910364867832,26.24,1574.4,"09:00:22",39.5960925343702,30.36,1821.6,"08:42:15",42.2961373756123,29.95,1797,"10:29:16",33.7141917576515,23.25,1395,"09:11:45",24.1337688785846,17.93,1075.8,"10:18:28",25.0008150541186,19.21,1152.6,"11:35:05",36.7730232747604,23.7,1422,"10:45:58",38.804099012946,27.92,1675.2,"10:41:50",31.5428420116452,24,1440,"09:55:27",34.6780052647344,25.06,1503.6,"11:10:00",51.9959685575804,38.22,2293.2,"11:42:14",45.0427272281324,32.16,1929.6,"09:34:17",40.0981173153104,29.67,1780.2,698.25,818.5,0.853020439019414,697,815.6,0.854497723952655,699.8,819.4,0.854321596310675,NA,808.8,NA,692.6,806.2,0.859013597514837,700.4,811,0.864228151957085,681.4,796.8,0.855177087988292,652,778.2,0.8376999394984,630.4,778,0.811135001840477,627.2,761.6,0.823410703377561,648.4,759.4,0.853834811950606,657.6,749.6,0.877300075635014,662.4,744.6,0.88964006129555,637.8,739.4,0.862574558113976,624.6,736.2,0.848406829908997,623,727.4,0.856455972807594,600.6,706.8,0.849534832537891,520,696.6,0.746449802591677,555,682.6,0.812960081095904,468.5,598.5,0.775585293952295,1323044.1,1075192.2,1166006.76,NA,1152763.44,775342.8,911304.36,1026508.8,1148336.64,1127078.4,904518,707446.08,763482.24,906951.6,1046329.92,897120,903062.16,1192464,1070928,834023.7
8,"2024-06-25","dead","dead","C",49.906641390624,"09:57:30",37.53,2251.8,"10:19:42",58.0728681633364,41.85,2511,"10:21:37",35.3338390271288,27.35,1641,NA,NA,NA,NA,NA,NA,NA,NA,NA,NA,NA,NA,NA,NA,NA,NA,NA,NA,NA,NA,NA,NA,NA,NA,NA,NA,NA,NA,NA,NA,NA,NA,NA,NA,NA,NA,NA,NA,NA,NA,NA,NA,NA,NA,NA,NA,NA,NA,NA,NA,NA,NA,NA,NA,NA,NA,NA,NA,NA,NA,NA,NA,NA,NA,NA,NA,NA,NA,690,818.5,0.842937023947868,650.6,815.6,0.797504199200542,704.6,819.4,0.860207810157835,NA,808.8,NA,NA,806.2,NA,NA,811,NA,NA,796.8,NA,NA,778.2,NA,NA,778,NA,NA,761.6,NA,NA,759.4,NA,NA,749.6,NA,NA,744.6,NA,NA,739.4,NA,NA,736.2,NA,NA,727.4,NA,NA,706.8,NA,NA,696.6,NA,NA,682.6,NA,NA,598.5,NA,1553742,1633656.6,1156248.6,NA,NA,NA,NA,NA,NA,NA,NA,NA,NA,NA,NA,NA,NA,NA,NA,NA
38,"2024-06-25","nut","NH4","M",38.0659152182098,"09:59:57",27.07,1624.2,"10:24:27",38.0243469126512,29.63,1777.8,"09:24:07",33.6711839346893,28.55,1713,"08:23:51",30.3724084839163,25.98,1558.8,"10:16:18",30.519494849994,18.38,1102.8,"10:17:34",44.5630791194108,23.87,1432.2,"10:18:48",42.366094568331,23.82,1429.2,"08:44:58",32.8485877928238,25.51,1530.6,"09:19:50",46.5645147773837,36.07,2164.2,"08:47:56",23.6273998878505,20.21,1212.6,"10:55:02",41.8098198874326,30.15,1809,"09:23:06",28.2433823758529,20.72,1243.2,"09:39:09",32.5998718118266,25.78,1546.8,"11:39:40",27.8797396575405,21.95,1317,"10:17:15",28.2193337173049,20.45,1227,"09:26:12",28.2583473338552,21.57,1294.2,"09:03:19",28.6033240509399,23.69,1421.4,"11:14:37",61.8777255188307,41.45,2487,"11:13:00",39.3248009986945,27.31,1638.6,"10:28:43",57.9659066420369,33.73,2023.8,706.75,818.5,0.863411339758681,687.2,815.6,0.842454224862878,709.8,819.4,0.866564153298439,712,808.8,0.880319986362392,705.6,806.2,0.875133526799995,669,811,0.825427048678545,673,796.8,0.844655853820214,665.4,778.2,0.854957593068124,610,778,0.78492153880328,674.8,761.6,0.885988429002492,632.8,759.4,0.833285348880121,650,749.6,0.867177519028715,642.8,744.6,0.863309268594571,659.8,739.4,0.892329881495762,648.2,736.2,0.880461066163303,630.4,727.4,0.866642491830751,619.4,706.8,0.876143172066085,491.6,696.6,0.705732898632165,569.6,682.6,0.834354020912266,303,598.5,0.519372119612882,1147903.35,1221704.16,1215887.4,1109865.6,778135.68,958141.8,961851.6,1018461.24,1320162,818262.48,1144735.2,808080,994283.04,868956.6,795341.4,815863.68,880415.16,1222609.2,933346.56,613211.4
41,"2024-06-25","CTL","CTL","N",42.275467739981,"10:09:20",32.41,1944.6,"07:35:39",45.4870422515805,36.19,2171.4,"07:34:48",31.6446746587876,26.09,1565.4,"11:16:26",30.8363106720546,21.93,1315.8,"09:52:12",39.0613663448499,28.13,1687.8,"10:57:28",38.2675247144484,23.32,1399.2,NA,NA,NA,NA,"09:31:45",22.8837521279892,14.05,843,"07:39:51",43.4126104860362,22.32,1339.2,"10:12:34",41.7816281315246,22.3,1338,"09:36:40",37.0304356955406,23.87,1432.2,NA,NA,NA,NA,NA,NA,NA,NA,NA,NA,NA,NA,NA,NA,NA,NA,NA,NA,NA,NA,NA,NA,NA,NA,NA,NA,NA,NA,NA,NA,NA,NA,NA,NA,NA,NA,697.75,818.5,0.852410682921854,671,815.6,0.822570537746754,712.6,819.4,0.869979703402108,711.4,808.8,0.8795764919386,688.2,806.2,0.853546700562516,684.8,811,0.844935610284716,NA,796.8,NA,690,778.2,0.886552252381869,619,778,0.796551043344635,628.4,761.6,0.824985556985856,642,759.4,0.845404491673205,NA,749.6,NA,NA,744.6,NA,NA,739.4,NA,NA,736.2,NA,NA,727.4,NA,NA,706.8,NA,NA,696.6,NA,NA,682.6,NA,NA,598.5,NA,1356844.65,1457009.4,1115504.04,936060.12,1161543.96,958172.16,NA,581670,828964.8,840799.2,919472.4,NA,NA,NA,NA,NA,NA,NA,NA,NA
13,"2024-06-25","dead","dead","E",43.0286709133355,"10:15:06",32.7,1962,"10:33:30",33.6189213953616,22.76,1365.6,"08:15:28",30.3316392399094,25.48,1528.8,NA,NA,NA,NA,NA,NA,NA,NA,NA,NA,NA,NA,NA,NA,NA,NA,NA,NA,NA,NA,NA,NA,NA,NA,NA,NA,NA,NA,NA,NA,NA,NA,NA,NA,NA,NA,NA,NA,NA,NA,NA,NA,NA,NA,NA,NA,NA,NA,NA,NA,NA,NA,NA,NA,NA,NA,NA,NA,NA,NA,NA,NA,NA,NA,NA,NA,NA,NA,696.75,818.5,0.851188554886152,699,815.6,0.856952683362826,713.6,819.4,0.871204253047702,NA,808.8,NA,NA,806.2,NA,NA,811,NA,NA,796.8,NA,NA,778.2,NA,NA,778,NA,NA,761.6,NA,NA,759.4,NA,NA,749.6,NA,NA,744.6,NA,NA,739.4,NA,NA,736.2,NA,NA,727.4,NA,NA,706.8,NA,NA,696.6,NA,NA,682.6,NA,NA,598.5,NA,1367023.5,954554.4,1090951.68,NA,NA,NA,NA,NA,NA,NA,NA,NA,NA,NA,NA,NA,NA,NA,NA,NA
22,"2024-06-25","nut","NH4","H",47.4269761267413,"10:20:22",34.79,2087.4,"14:16:46",49.7002335350835,32.67,1960.2,"07:47:27",30.94934403168,25.94,1556.4,"11:02:08",23.1115147166456,15.6,936,"09:32:39",27.4822940468966,18.97,1138.2,"11:02:05",24.2433299337543,10.51,630.6,"11:28:05",26.4536794049878,13.18,790.8,"09:41:24",28.9262934476851,23.52,1411.2,"09:50:56",53.6432619811791,38.74,2324.4,"09:42:07",24.0257632645436,22.14,1328.4,"11:00:57",25.7968981402291,20.41,1224.6,"09:47:52",21.6491295974851,19.16,1149.6,"10:43:09",23.268731510103,18.2,1092,"12:02:40",23.6262134501562,14.37,862.2,"10:41:27",32.6327689544687,20.85,1251,"10:48:36",28.3608534418278,21.31,1278.6,"10:09:30",30.4943284223689,23.78,1426.8,"10:51:50",34.87872109327,27.03,1621.8,"10:42:43",47.2732242154234,30.02,1801.2,"10:23:51",91.4569099787348,44.05,2643,692.25,818.5,0.845687657135895,666,815.6,0.816432163424978,713.2,819.4,0.870718939020979,726.6,808.8,0.898382201625297,709.6,806.2,0.880099203746539,713.4,811,0.880258943336428,702.4,796.8,0.881520203146851,674,778.2,0.866025972432255,597.8,778,0.769413311814785,673.6,761.6,0.88441288104619,670.4,759.4,0.882814897960154,665.2,749.6,0.887434790028359,666.2,744.6,0.89474084199984,670.6,739.4,0.906932706801549,637.6,736.2,0.86606918707843,630,727.4,0.866089241484969,613.6,706.8,0.867891555726002,585,696.6,0.839637361389375,542.8,682.6,0.795113586372251,153.25,598.5,0.277881337095831,1445002.65,1305493.2,1110024.48,680097.6,807666.72,449870.04,555457.92,951148.8,1389526.32,894810.24,820971.84,764713.92,727490.4,578191.32,797637.6,805518,875484.48,948753,977691.36,405039.75
16,"2024-06-25","CTL","CTL","F",155.983396058681,"10:26:13",117.23,7033.8,"15:48:58",98.5624339488788,54.16,3249.6,"11:36:34",76.0442493504094,52.47,3148.2,"10:27:49",53.3630419068323,40.72,2443.2,"08:44:15",8.50922757404388,9.58,574.8,"09:33:51",17.5081319425362,12.13,727.8,NA,NA,NA,NA,"10:57:24",38.6250031428321,15.67,940.2,NA,NA,NA,NA,NA,NA,NA,NA,NA,NA,NA,NA,NA,NA,NA,NA,NA,NA,NA,NA,NA,NA,NA,NA,NA,NA,NA,NA,NA,NA,NA,NA,NA,NA,NA,NA,NA,NA,NA,NA,NA,NA,NA,NA,NA,NA,NA,NA,501.75,818.5,0.612839067860304,604.6,815.6,0.741019702428886,643.8,819.4,0.78586578452711,664.2,808.8,0.821218151853737,763,806.2,0.9464089653899,728,811,0.898441759587224,NA,796.8,NA,652.2,778.2,0.8379573397558,NA,778,NA,NA,761.6,NA,NA,759.4,NA,NA,749.6,NA,NA,744.6,NA,NA,739.4,NA,NA,736.2,NA,NA,727.4,NA,NA,706.8,NA,NA,696.6,NA,NA,682.6,NA,NA,598.5,NA,3529209.15,1964708.16,2026811.16,1622773.44,438572.4,529838.4,NA,613198.44,NA,NA,NA,NA,NA,NA,NA,NA,NA,NA,NA,NA
9,"2024-06-25","dead","dead","C",52.9985107704343,"10:31:51",38.29,2297.4,"10:13:53",27.7540895399132,22.02,1321.2,"09:19:27",26.5406566602164,23.78,1426.8,"08:33:18",27.6048019724906,22.51,1350.6,NA,NA,NA,NA,NA,NA,NA,NA,NA,NA,NA,NA,NA,NA,NA,NA,NA,NA,NA,NA,NA,NA,NA,NA,NA,NA,NA,NA,NA,NA,NA,NA,NA,NA,NA,NA,NA,NA,NA,NA,NA,NA,NA,NA,NA,NA,NA,NA,NA,NA,NA,NA,NA,NA,NA,NA,NA,NA,NA,NA,NA,NA,NA,NA,684.75,818.5,0.836522617045644,716.4,815.6,0.87832209315489,720.6,819.4,0.879765255064857,717,808.8,0.88650725532103,NA,806.2,NA,NA,811,NA,NA,796.8,NA,NA,778.2,NA,NA,778,NA,NA,761.6,NA,NA,759.4,NA,NA,749.6,NA,NA,744.6,NA,NA,739.4,NA,NA,736.2,NA,NA,727.4,NA,NA,706.8,NA,NA,696.6,NA,NA,682.6,NA,NA,598.5,NA,1573144.65,946507.68,1028152.08,968380.2,NA,NA,NA,NA,NA,NA,NA,NA,NA,NA,NA,NA,NA,NA,NA,NA
2,"2024-06-25","dead","dead","A",43.4510619141355,"10:37:34",34.56,2073.6,"08:23:08",39.1522583979626,29.45,1767,"09:53:14",30.2950927542178,26.79,1607.4,"08:52:20",27.2687407125509,21.64,1298.4,"07:04:58",19.8805731654053,14.77,886.2,"08:22:46",14.783645196733,7.24,434.4,"07:47:09",8.47034545754947,4.83,289.8,NA,NA,NA,NA,NA,NA,NA,NA,NA,NA,NA,NA,NA,NA,NA,NA,NA,NA,NA,NA,NA,NA,NA,NA,NA,NA,NA,NA,NA,NA,NA,NA,NA,NA,NA,NA,NA,NA,NA,NA,NA,NA,NA,NA,NA,NA,NA,NA,NA,NA,NA,NA,695.25,818.5,0.849353680838842,683.6,815.6,0.838040852561622,713.6,819.4,0.871204253047702,718.2,808.8,0.887993637548926,730,806.2,0.905421478358872,734.2,811,0.906096301472299,754,796.8,0.946288533597136,NA,778.2,NA,NA,778,NA,NA,761.6,NA,NA,759.4,NA,NA,749.6,NA,NA,744.6,NA,NA,739.4,NA,NA,736.2,NA,NA,727.4,NA,NA,706.8,NA,NA,696.6,NA,NA,682.6,NA,NA,598.5,NA,1441670.4,1207921.2,1147040.64,932510.88,646926,318936.48,218509.2,NA,NA,NA,NA,NA,NA,NA,NA,NA,NA,NA,NA,NA
19,"2024-06-25","CTL","CTL","G",80.546711067688,"10:42:17",66.18,3970.8,"08:36:52",55.9531962024975,36.24,2174.4,"08:45:10",60.3536448883039,41.17,2470.2,"08:08:53",57.0314925901451,41.09,2465.4,"09:13:30",30.6235265728804,23.1,1386,"07:59:26",14.7040729155397,11.92,715.2,"07:38:50",11.2779897963413,8.9,534,"10:10:46",36.051560439935,22.89,1373.4,"09:55:44",41.6675491208224,27.79,1667.4,"09:37:09",40.8081247383637,29.83,1789.8,"11:10:44",64.6989044605039,39.49,2369.4,"09:52:30",91.133049771216,52.79,3167.4,"09:44:50",75.0263391227705,53.25,3195,"11:44:14",70.2023146263932,53.64,3218.4,"10:12:30",63.8785019131754,48.17,2890.2,"09:40:20",56.199597325409,43.73,2623.8,"09:32:43",69.4971165062232,52.54,3152.4,"10:57:35",27.7052674124052,21.11,1266.6,"11:32:25",79.3929327563624,57.03,3421.8,"10:32:50",16.8468553438785,13.11,786.6,623,818.5,0.761084478169897,653,815.6,0.80045686441351,669.6,819.4,0.817395618483998,656.4,808.8,0.811569462805787,705,806.2,0.874386948359693,734.4,811,0.906347242501157,743.4,796.8,0.932990599121582,657.8,778.2,0.845170997083032,624.2,778,0.803156478277521,630.2,761.6,0.827349200836344,588.6,759.4,0.775133444263633,525,749.6,0.700493139117614,551.8,744.6,0.741103707532238,578.6,739.4,0.782464346316231,577,736.2,0.783754525475005,572.6,727.4,0.787194131250532,498.6,706.8,0.704675768026631,606.8,696.6,0.870865959060091,421.2,682.6,0.61692824932391,546.5,598.5,0.910551303252618,2473808.4,1419883.2,1654045.92,1618288.56,977130,525242.88,396975.6,903422.52,1040791.08,1127931.96,1394628.84,1662885,1763001,1862166.24,1667645.4,1502387.88,1571786.64,768572.88,1441262.16,429876.9
1,"2024-06-25","dead","dead","A",33.9847069538607,"11:20:48",26.27,1576.2,"11:13:37",51.5888298576146,28.08,1684.8,"09:33:27",34.8827359070123,28.45,1707,"08:19:16",31.888027331939,27.48,1648.8,"10:30:44",22.6860185751393,14.23,853.8,"10:42:47",26.2050494100059,9.41,564.6,NA,NA,NA,NA,"11:54:44",40.4290345481759,24.47,1468.2,NA,NA,NA,NA,NA,NA,NA,NA,NA,NA,NA,NA,NA,NA,NA,NA,NA,NA,NA,NA,NA,NA,NA,NA,NA,NA,NA,NA,NA,NA,NA,NA,NA,NA,NA,NA,NA,NA,NA,NA,NA,NA,NA,NA,NA,NA,NA,NA,713.5,818.5,0.87167370268508,663.2,815.6,0.812997122988407,705.6,819.4,0.861416533449377,708.6,808.8,0.876120872229753,720.2,806.2,0.893257082070437,708.8,811,0.87459811791345,NA,796.8,NA,649.6,778.2,0.834609721111007,NA,778,NA,NA,761.6,NA,NA,759.4,NA,NA,749.6,NA,NA,744.6,NA,NA,739.4,NA,NA,736.2,NA,NA,727.4,NA,NA,706.8,NA,NA,696.6,NA,NA,682.6,NA,NA,598.5,NA,1124618.7,1117359.36,1204459.2,1168339.68,614906.76,400188.48,NA,953742.72,NA,NA,NA,NA,NA,NA,NA,NA,NA,NA,NA,NA
17,"2024-06-25","nut","NO3","F",136.317299094689,"11:25:33",95.16,5709.6,"15:32:35",78.8920518651876,48.72,2923.2,"10:43:07",65.6653297971765,48.05,2883,"09:52:49",55.1093918969105,39.75,2385,"07:47:49",31.0137241162771,19.44,1166.4,"09:48:22",29.4379983552459,17.85,1071,"09:33:09",27.3082815243452,18.66,1119.6,"11:49:45",51.1047991386564,13.64,818.4,"09:39:47",2.45359078701327,8,480,NA,NA,NA,NA,NA,NA,NA,NA,NA,NA,NA,NA,NA,NA,NA,NA,NA,NA,NA,NA,NA,NA,NA,NA,NA,NA,NA,NA,NA,NA,NA,NA,NA,NA,NA,NA,NA,NA,NA,NA,NA,NA,NA,NA,526,818.5,0.642499375150921,624.6,815.6,0.765574488351429,661.4,819.4,0.807348320190427,660.8,808.8,0.817015370670919,704,806.2,0.873149608548269,702,811,0.866207293101587,700.2,796.8,0.878758471423994,637.6,778.2,0.819164546614621,749,778,0.963603603995068,NA,761.6,NA,NA,759.4,NA,NA,749.6,NA,NA,744.6,NA,NA,739.4,NA,NA,736.2,NA,NA,727.4,NA,NA,706.8,NA,NA,696.6,NA,NA,682.6,NA,NA,598.5,NA,3003249.6,1825830.72,1906816.2,1576008,821145.6,751842,783943.92,521811.84,359520,NA,NA,NA,NA,NA,NA,NA,NA,NA,NA,NA
45,"2024-06-25","CTL","CTL","O",70.2335703241084,"11:30:11",52.06,3123.6,"14:54:35",77.7249692785423,48.62,2917.2,"11:07:02",40.0706284507863,30.78,1846.8,"10:23:06",22.8978899858453,17.98,1078.8,"08:30:17",28.8474578840154,21.06,1263.6,"09:13:39",20.3305498920611,11.54,692.4,NA,NA,NA,NA,"11:25:29",63.4575221311623,27.87,1672.2,NA,NA,NA,NA,NA,NA,NA,NA,NA,NA,NA,NA,NA,NA,NA,NA,NA,NA,NA,NA,NA,NA,NA,NA,NA,NA,NA,NA,NA,NA,NA,NA,NA,NA,NA,NA,NA,NA,NA,NA,NA,NA,NA,NA,NA,NA,NA,NA,645.25,818.5,0.788272538950204,625.6,815.6,0.766800001411041,693.8,819.4,0.846999156624449,726.8,808.8,0.898630033099894,707.6,806.2,0.877616517126176,721.6,811,0.890470190666665,NA,796.8,NA,617.4,778.2,0.793152728686586,NA,778,NA,NA,761.6,NA,NA,759.4,NA,NA,749.6,NA,NA,744.6,NA,NA,739.4,NA,NA,736.2,NA,NA,727.4,NA,NA,706.8,NA,NA,696.6,NA,NA,682.6,NA,NA,598.5,NA,2015502.9,1825000.32,1281309.84,784071.84,894123.36,499635.84,NA,1032416.28,NA,NA,NA,NA,NA,NA,NA,NA,NA,NA,NA,NA
11,"2024-06-25","nut","NO3","D",122.381623516692,"11:36:25",86.2,5172,"16:06:01",128.334271138775,85.28,5116.8,"11:17:39",69.4933078771591,48.43,2905.8,"10:07:45",63.0324748859069,49.61,2976.6,"08:13:13",32.864319464673,23.22,1393.2,"09:43:28",16.6975445685079,8.64,518.4,"08:49:54",23.1261977477414,12.98,778.8,"11:07:40",27.8078652477787,17.2,1032,"08:20:18",25.3846872337686,19.73,1183.8,"10:44:25",30.1889251116247,21.63,1297.8,"09:59:59",23.8542274049133,17.85,1071,"11:00:04",53.4136196115706,33.36,2001.6,"10:07:34",29.6737604356294,21.88,1312.8,"11:16:45",44.4448985786345,28.89,1733.4,"09:59:56",31.8708243620853,22.96,1377.6,"09:14:18",45.462848058594,33.8,2028,"09:27:46",41.0581660710049,31.93,1915.8,"10:27:19",98.0295195043054,65.14,3908.4,"10:32:17",91.7622948171047,59.05,3543,"11:24:22",46.0548180677533,32.74,1964.4,546.5,818.5,0.667563665237881,572.6,815.6,0.701759320438364,654,819.4,0.798309025486344,642.2,808.8,0.794023641392021,699.6,806.2,0.867696865405944,729.8,811,0.900671282185219,712.2,796.8,0.893820061482319,676.6,778.2,0.869386933160749,665.2,778,0.855894241427629,652.8,761.6,0.857054921488386,675.6,759.4,0.889661334274935,597,749.6,0.796446555700951,652.6,744.6,0.87648685186585,623,739.4,0.84255860564097,638.8,736.2,0.867698887447215,592.2,727.4,0.814110895507853,580,706.8,0.820286881728677,410.8,696.6,0.58986853288993,387.6,682.6,0.5676781205467,432.75,598.5,0.715045123373536,2826498,2929879.68,1900393.2,1911572.52,974682.72,378328.32,554661.36,698251.2,787463.76,847203.84,723567.6,1194955.2,856733.28,1079908.2,880010.88,1200981.6,1111164,1605570.72,1373266.8,850094.1
48,"2024-06-25","CTL","CTL","P",43.0135521934757,"11:41:02",34.12,2047.2,"09:18:03",40.668845709904,29,1740,"09:14:33",38.1573667074404,31.1,1866,"08:14:30",26.6819990091853,23.84,1430.4,"10:25:50",26.4516460355189,18.2,1092,"10:48:00",39.1570478719368,14.47,868.2,"09:59:39",37.2034066399542,16.1,966,"08:50:18",21.7133957052304,17.5,1050,NA,NA,NA,NA,NA,NA,NA,NA,NA,NA,NA,NA,NA,NA,NA,NA,NA,NA,NA,NA,NA,NA,NA,NA,NA,NA,NA,NA,NA,NA,NA,NA,NA,NA,NA,NA,NA,NA,NA,NA,NA,NA,NA,NA,NA,NA,NA,NA,696.75,818.5,0.851188554886152,679.8,815.6,0.833370692243406,698.6,819.4,0.852860179665782,719.8,808.8,0.889973267459337,711.6,806.2,0.882581890366903,682.6,811,0.842231028304299,681.4,796.8,0.855177087988292,691,778.2,0.887834659622929,NA,778,NA,NA,761.6,NA,NA,759.4,NA,NA,749.6,NA,NA,744.6,NA,NA,739.4,NA,NA,736.2,NA,NA,727.4,NA,NA,706.8,NA,NA,696.6,NA,NA,682.6,NA,NA,598.5,NA,1426386.6,1182852,1303587.6,1029601.92,777067.2,592633.32,658232.4,725550,NA,NA,NA,NA,NA,NA,NA,NA,NA,NA,NA,NA
30,"2024-06-25","nut","NO3","J",50.2605760210779,"14:03:17",37.79,2267.4,"07:30:29",27.3124842516959,23.99,1439.4,"08:25:32",37.8116670918449,29.94,1796.4,"07:46:51",28.7169019167017,23.87,1432.2,"09:03:58",25.2630821485134,17.53,1051.8,"08:18:35",25.2319621150285,14.41,864.6,"07:22:55",20.0961368269438,10.86,651.6,"10:44:03",48.2121952246003,29.53,1771.8,"10:05:55",24.6779035050412,17.92,1075.2,NA,NA,NA,NA,NA,NA,NA,NA,NA,NA,NA,NA,"11:29:35",10.8012055032367,8.02,481.2,"10:53:03",33.0389804366895,17.99,1079.4,"10:55:15",39.938348380708,23.14,1388.4,NA,NA,NA,NA,"10:36:59",22.3706973280763,15.22,913.2,NA,NA,NA,NA,NA,NA,NA,NA,NA,NA,NA,NA,689.75,818.5,0.842632145899088,718,815.6,0.88028983963514,699.4,819.4,0.853836282283951,714.8,808.8,0.883780484259405,714.2,806.2,0.885812986660584,711,811,0.877290236696127,720.4,796.8,0.9041170005983,640.8,778.2,0.823280433682995,668,778,0.859501275357286,NA,761.6,NA,NA,759.4,NA,NA,749.6,NA,700.4,744.6,0.940664279927369,645.4,739.4,0.872858473907395,621.4,736.2,0.844057150244145,NA,727.4,NA,636.6,706.8,0.900622980138044,NA,696.6,NA,NA,682.6,NA,NA,598.5,NA,1563939.15,1033489.2,1256402.16,1023736.56,751195.56,614730.6,469412.64,1135369.44,718233.6,NA,NA,NA,337032.48,696644.76,862751.76,NA,581343.12,NA,NA,NA
4,"2024-06-25","dead","dead","B",133.431496663923,"14:08:12",95.17,5710.2,"08:58:17",75.7438715774138,59.46,3567.6,"10:16:47",61.1620276698857,51.78,3106.8,"09:33:58",38.3675020143651,30.45,1827,"08:08:02",29.0091045158825,22.75,1365,NA,NA,NA,NA,"09:21:14",3.20876107652455,3.96,237.6,"11:59:39",53.6204060184085,28.33,1699.8,NA,NA,NA,NA,NA,NA,NA,NA,NA,NA,NA,NA,NA,NA,NA,NA,NA,NA,NA,NA,NA,NA,NA,NA,NA,NA,NA,NA,NA,NA,NA,NA,NA,NA,NA,NA,NA,NA,NA,NA,NA,NA,NA,NA,NA,NA,NA,NA,529.75,818.5,0.647085636031001,626.8,815.6,0.768270022034055,669.4,819.4,0.81714839969537,696.8,808.8,0.861542970719832,707.4,806.2,0.877367451123686,NA,811,NA,777.2,796.8,0.975394612378083,634.6,778.2,0.815309735184676,NA,778,NA,NA,761.6,NA,NA,759.4,NA,NA,749.6,NA,NA,744.6,NA,NA,739.4,NA,NA,736.2,NA,NA,727.4,NA,NA,706.8,NA,NA,696.6,NA,NA,682.6,NA,NA,598.5,NA,3024978.45,2236171.68,2079691.92,1273053.6,965601,NA,184662.72,1078693.08,NA,NA,NA,NA,NA,NA,NA,NA,NA,NA,NA,NA
12,"2024-06-25","CTL","CTL","D",129.518694996542,"14:13:34",92.01,5520.6,"15:42:55",141.096427072251,100.06,6003.6,"10:47:46",75.5505511932662,58.91,3534.6,"09:38:38",62.5378901302638,50.47,3028.2,"08:03:25",57.1686181347425,36.97,2218.2,"08:59:01",46.1002395958924,23.15,1389,"07:59:47",50.6770012155346,33.59,2015.4,"10:34:43",75.4101406007849,52.11,3126.6,"08:15:26",54.8553876928472,43.31,2598.6,"10:27:36",84.6833827782356,64.77,3886.2,"09:46:21",50.9545569757473,43.13,2587.8,"10:55:01",70.6651048349816,55.2,3312,"10:54:25",72.7234597418838,55.28,3316.8,"12:17:06",109.00973281688,73.64,4418.4,"10:26:47",62.8793788922592,48.18,2890.8,"10:25:57",78.810205334571,58.31,3498.6,"09:49:00",82.1080447992511,56.94,3416.4,"11:24:02",106.099198655339,67.64,4058.4,"11:27:29",94.9410726220813,56.3,3378,"09:46:50",77.5532993797428,45.12,2707.2,532.5,818.5,0.6504471530348,562.6,815.6,0.689476773334568,645,819.4,0.787325996753593,643.6,808.8,0.795750552528985,664.6,806.2,0.82423357714642,666.4,811,0.822260498651189,659.2,796.8,0.827382971690901,600.2,778.2,0.771018158670599,595.2,778,0.766166398843012,543.8,761.6,0.713889418952804,617.4,759.4,0.812999866387396,558.4,749.6,0.745032006525818,554.4,744.6,0.744590460777851,523,739.4,0.70734652907023,579,736.2,0.786469710528006,535.6,727.4,0.73631123215417,469,706.8,0.662709202473158,383.2,696.6,0.550376967050356,378.6,682.6,0.554496409254099,181.5,598.5,0.331007206660416,2939719.5,3377625.36,2279817,1948949.52,1474215.72,925629.6,1328551.68,1876585.32,1546686.72,2113315.56,1597707.72,1849420.8,1838833.92,2310823.2,1673773.2,1873850.16,1602291.6,1555178.88,1278910.8,491356.8
42,"2024-06-25","CTL","CTL","N",65.3120645982672,"14:20:34",48.89,2933.4,"14:22:30",49.9762667774134,30.85,1851,"08:30:15",35.2360461665932,28,1680,"08:03:59",31.2750162477751,26.71,1602.6,"09:23:18",35.1620425305118,25.87,1552.2,"07:54:49",28.2644113286546,21.42,1285.2,"06:59:42",40.4389746907969,24.52,1471.2,"09:55:50",25.9740405127635,21.39,1283.4,"07:33:53",24.0578115921801,21.93,1315.8,"09:47:59",25.1989318457316,22.83,1369.8,"09:31:40",32.0952539790634,26.51,1590.6,"10:31:21",33.9575298774993,26.11,1566.6,"11:09:56",32.1762116707552,23.03,1381.8,"11:12:02",35.399289547815,22.36,1341.6,"11:24:28",40.1796528007303,26.39,1583.4,"09:59:36",57.5444850678478,35.17,2110.2,"08:58:16",35.6153694707664,26.22,1573.2,"11:05:08",39.517463859147,28,1680,"10:07:23",40.6955303529015,23.92,1435.2,"11:04:52",30.8318869098012,18.33,1099.8,654.75,818.5,0.799879615285831,665.2,815.6,0.815451146198098,704.6,819.4,0.860207810157835,710,808.8,0.877845631815064,695,806.2,0.861988293038906,704.4,811,0.869187446237342,677.2,796.8,0.849909528844717,680.6,778.2,0.874522739044068,668.4,778,0.860024183340861,668.8,761.6,0.878097655616657,652,759.4,0.858578043530575,635.8,749.6,0.848275968759844,644.6,744.6,0.865732705533543,641,739.4,0.866905512954053,620.6,736.2,0.842969453292909,569.6,727.4,0.783070190400757,597.4,706.8,0.845011291419583,572.6,696.6,0.821869886527094,566,682.6,0.829083026150149,509.5,598.5,0.845865239090166,1920643.65,1231285.2,1183728,1137846,1078779,905294.88,996296.64,873482.04,879480.72,916122.24,1037071.2,996044.28,890708.28,859965.6,982658.04,1201969.92,939829.68,961968,812323.2,560348.1
44,"2024-06-25","dead","dead","O",45.690434163001,"14:26:31",33.5,2010,"09:31:46",47.4072533371341,31.35,1881,"09:38:11",35.1196517892709,28.2,1692,"08:28:34",32.8930954708622,25.4,1524,"10:39:49",23.1471607303891,14.45,867,"10:35:43",18.5206735129215,9.57,574.2,NA,NA,NA,NA,NA,NA,NA,NA,NA,NA,NA,NA,NA,NA,NA,NA,NA,NA,NA,NA,NA,NA,NA,NA,NA,NA,NA,NA,NA,NA,NA,NA,NA,NA,NA,NA,NA,NA,NA,NA,NA,NA,NA,NA,NA,NA,NA,NA,NA,NA,NA,NA,NA,NA,NA,NA,693.25,818.5,0.84691128423944,668.6,815.6,0.819622685165285,704.8,819.4,0.86044590539593,707.2,808.8,0.874390002995533,718.4,806.2,0.891018527742744,726.2,811,0.896208764431763,NA,796.8,NA,NA,778.2,NA,NA,778,NA,NA,761.6,NA,NA,759.4,NA,NA,749.6,NA,NA,744.6,NA,NA,739.4,NA,NA,736.2,NA,NA,727.4,NA,NA,706.8,NA,NA,696.6,NA,NA,682.6,NA,NA,598.5,NA,1393432.5,1257636.6,1192521.6,1077772.8,622852.8,416984.04,NA,NA,NA,NA,NA,NA,NA,NA,NA,NA,NA,NA,NA,NA
34,"2024-06-25","dead","dead","L",35.7743428499256,"14:31:20",30.01,1800.6,"16:01:17",29.4860631427151,22.83,1369.8,"10:57:38",27.6823964367994,24.84,1490.4,"09:59:46",21.5675022782556,19.95,1197,"07:52:38",11.9170394999314,11.93,715.8,"09:59:13",13.6452870058477,6.89,413.4,"09:12:38",16.0398462202788,7.65,459,NA,NA,NA,NA,NA,NA,NA,NA,NA,NA,NA,NA,NA,NA,NA,NA,NA,NA,NA,NA,NA,NA,NA,NA,NA,NA,NA,NA,NA,NA,NA,NA,NA,NA,NA,NA,NA,NA,NA,NA,NA,NA,NA,NA,NA,NA,NA,NA,NA,NA,NA,NA,712,818.5,0.869834336881909,711.6,815.6,0.872428525796307,718.2,819.4,0.876837498097791,728.4,808.8,0.900605371119071,752.2,806.2,0.933003846218761,736.2,811,0.908563981899249,732.6,796.8,0.919433517398217,NA,778.2,NA,NA,778,NA,NA,761.6,NA,NA,759.4,NA,NA,749.6,NA,NA,744.6,NA,NA,739.4,NA,NA,736.2,NA,NA,727.4,NA,NA,706.8,NA,NA,696.6,NA,NA,682.6,NA,NA,598.5,NA,1282027.2,974749.68,1070405.28,871894.8,538424.76,304345.08,336263.4,NA,NA,NA,NA,NA,NA,NA,NA,NA,NA,NA,NA,NA
26,"2024-06-25","nut","NH4","I",48.5460056883026,"14:36:12",37.71,2262.6,"09:58:24",33.7038924200508,26.58,1594.8,"11:22:28",44.2800373131594,33.15,1989,"10:18:26",32.2594670169835,26.78,1606.8,"08:34:52",34.2884910318216,27.31,1638.6,"09:18:10",36.7840122026333,25.5,1530,"08:56:46",30.942596677102,20.85,1251,"11:21:35",29.1978806512484,23.43,1405.8,"09:09:48",29.6144556210858,25.26,1515.6,"08:54:02",13.9640199142303,7.85,471,"10:19:59",24.7228531988927,19.63,1177.8,"09:42:26",46.5833117969114,28.6,1716,"09:50:43",25.9629814313201,23.24,1394.4,"11:21:21",22.8644731003318,19.78,1186.8,"09:57:24",29.3577123147123,22.8,1368,"09:19:17",31.106727977118,24.56,1473.6,"09:22:43",37.7866321374047,29.02,1741.2,"10:36:57",36.56286447178,28.6,1716,"10:13:59",43.237966835774,30.81,1848.6,"09:56:38",37.6819546427815,29.44,1766.4,691.5,818.5,0.844769661725872,698.8,815.6,0.856709078003508,686.2,819.4,0.837692535909281,708,808.8,0.875379206775709,696.8,806.2,0.864219136276521,688.8,811,0.849895714134475,693.8,796.8,0.870742550116758,673.6,778.2,0.865514442568756,653.8,778,0.841211933213609,702.6,761.6,0.922511659638968,672.2,759.4,0.885183018957237,610.8,749.6,0.814870596736107,660.2,744.6,0.886687713339729,672.2,739.4,0.90909928239771,645.2,736.2,0.876386811735936,624,727.4,0.857833398977551,591,706.8,0.835936904275882,580.8,696.6,0.833613352968679,559.4,682.6,0.819397203541867,479,598.5,0.792364747298032,1564587.9,1114446.24,1364851.8,1137614.4,1141776.48,1053864,867943.8,946946.88,990899.28,330924.6,791717.16,1048132.8,920582.88,797766.96,882633.6,919526.4,1029049.2,996652.8,1034106.84,846105.6
25,"2024-06-25","nut","NO3","I",51.4453814129518,"14:50:39",38.88,2332.8,"08:08:19",48.2985189293537,38.3,2298,"08:20:37",43.9750747003766,36.13,2167.8,"07:58:34",38.4222639692102,30.67,1840.2,"08:49:16",35.5093191243297,27.67,1660.2,"08:04:09",25.9729298854303,18.36,1101.6,"07:10:57",26.9180099488646,20.18,1210.8,"10:06:16",39.141181991144,28.91,1734.6,"08:10:06",40.0287122066436,33.13,1987.8,"10:22:42",25.267065758364,23.01,1380.6,"09:26:40",43.7611654190085,32.14,1928.4,"10:45:32",29.1222009019189,24.04,1442.4,"10:38:28",27.1820988163583,21.73,1303.8,"12:12:34",26.6967692257983,21.19,1271.4,"10:31:21",21.5852848930305,18.43,1105.8,"10:19:46",52.7323009289393,34.76,2085.6,"09:44:20",27.5312290814134,22.96,1377.6,"10:42:13",38.8938935907081,29.96,1797.6,"10:25:09",31.3401206777656,23.99,1439.4,"09:51:51",45.6516570129316,35.72,2143.2,687,818.5,0.839271753889663,667.4,815.6,0.818151171862373,686.6,819.4,0.838184540829331,696.6,808.8,0.861294523514863,694,806.2,0.860743864025051,709.4,811,0.875329601999255,700.8,796.8,0.879513822088569,651.8,778.2,0.837440536126156,628.8,778,0.809069410451335,668.2,761.6,0.877309534464503,629.6,759.4,0.829064987721165,647.4,749.6,0.863719270342848,658.4,744.6,0.884271177057796,662.8,739.4,0.896385818503236,670.8,736.2,0.911163224540655,577,727.4,0.793238872272989,622.6,706.8,0.880671775581264,574.6,696.6,0.824734947925208,589.2,682.6,0.863092061708922,436,598.5,0.7214730766894,1602633.6,1533685.2,1488411.48,1281883.32,1152178.8,781475.04,848528.64,1130612.28,1249928.64,922516.92,1214120.64,933809.76,858421.92,842683.92,741770.64,1203391.2,857693.76,1032900.96,848094.48,934435.2
7,"2024-06-25","CTL","CTL","C",41.0582762958101,"14:57:59",30.86,1851.6,"15:10:12",63.0405193998207,43.35,2601,"07:42:30",40.5687386361068,33.89,2033.4,"11:11:36",23.875439946745,16.79,1007.4,"09:47:02",26.0515687238228,12.52,751.2,"11:20:57",20.7239379472075,7.45,447,"11:15:47",33.4133034617982,18.82,1129.2,"09:21:22",41.1005048487341,22.41,1344.6,"08:39:47",30.2452424439125,18.47,1108.2,"10:59:20",60.9395747704735,31.05,1863,"10:24:45",51.0325113968065,28.32,1699.2,"11:10:45",97.0230980173514,42.1,2526,NA,NA,NA,NA,NA,NA,NA,NA,NA,NA,NA,NA,NA,NA,NA,NA,NA,NA,NA,NA,NA,NA,NA,NA,NA,NA,NA,NA,NA,NA,NA,NA,699.25,818.5,0.854243312478218,642.8,815.6,0.787912704332776,693,819.4,0.846029744899606,725.4,808.8,0.896896435127773,712.8,806.2,0.884072280585968,720.8,811,0.889481961875315,688.6,796.8,0.864222145778422,649.2,778.2,0.834090914366519,651.6,778,0.838367795699832,585.6,761.6,0.768801521334055,617.4,759.4,0.812999866387396,516.4,749.6,0.689004834205113,NA,744.6,NA,NA,739.4,NA,NA,736.2,NA,NA,727.4,NA,NA,706.8,NA,NA,696.6,NA,NA,682.6,NA,NA,598.5,NA,1294731.3,1671922.8,1409146.2,730767.96,535455.36,322197.6,777567.12,872914.32,722103.12,1090972.8,1049086.08,1304426.4,NA,NA,NA,NA,NA,NA,NA,NA
24,"2024-06-25","CTL","CTL","H",55.3810314588682,"15:04:48",40.71,2442.6,"11:04:05",46.5824667320158,33.6,2016,"11:02:23",35.4609125756916,26.53,1591.8,"10:41:50",37.6533302563354,27.12,1627.2,"08:24:36",27.8250182636779,19.98,1198.8,"09:08:43",10.727825197264,8.74,524.4,"08:23:06",25.9005914821027,14.56,873.6,"11:17:13",43.7220630385324,27.61,1656.6,"10:10:38",24.6235182464403,19.93,1195.8,"09:06:19",32.9652379594965,20.18,1210.8,"11:20:27",26.7434773854264,16.92,1015.2,"10:17:28",24.169524611344,18.22,1093.2,"11:25:02",18.043932445335,12.06,723.6,"12:21:55",27.2821380341658,12.25,735,"11:31:07",34.10190832678,18.03,1081.8,NA,NA,NA,NA,NA,NA,NA,NA,NA,NA,NA,NA,NA,NA,NA,NA,NA,NA,NA,NA,678,818.5,0.828274436425566,670,815.6,0.821344422480658,704.4,819.4,0.859963311380329,697.8,808.8,0.862777865635024,709.2,806.2,0.879603838403096,743.4,811,0.917421938430411,705.2,796.8,0.885029465032901,646.2,778.2,0.830228752174519,668,778,0.859501275357286,647.6,761.6,0.850217538897424,667.2,759.4,0.878608791152194,657.4,749.6,0.877035174972763,680.4,744.6,0.913800664815804,661.4,739.4,0.894494628450274,635.2,736.2,0.862807202358231,NA,727.4,NA,NA,706.8,NA,NA,696.6,NA,NA,682.6,NA,NA,598.5,NA,1656082.8,1350720,1121263.92,1135460.16,850188.96,389838.96,616062.72,1070494.92,798794.4,784114.08,677341.44,718669.68,492337.44,486129,687159.36,NA,NA,NA,NA,NA
27,"2024-06-25","dead","dead","I",51.7239335449386,"15:09:30",38.4,2304,"09:05:04",43.0522050926277,33.42,2005.2,"10:31:01",23.0694194028657,19.55,1173,"09:24:36",26.7979530487697,22.63,1357.8,"07:10:05",19.2400035764402,15.26,915.6,NA,NA,NA,NA,NA,NA,NA,NA,"10:39:13",30.9430095158066,14.79,887.4,NA,NA,NA,NA,NA,NA,NA,NA,NA,NA,NA,NA,NA,NA,NA,NA,NA,NA,NA,NA,NA,NA,NA,NA,NA,NA,NA,NA,NA,NA,NA,NA,NA,NA,NA,NA,NA,NA,NA,NA,NA,NA,NA,NA,NA,NA,NA,NA,686.5,818.5,0.838659381951523,675,815.6,0.827484323478727,725,819.4,0.885158889284138,719.4,808.8,0.889476988779771,732.6,806.2,0.908657196258311,NA,811,NA,NA,796.8,NA,670.8,778.2,0.861908026390856,NA,778,NA,NA,761.6,NA,NA,759.4,NA,NA,749.6,NA,NA,744.6,NA,NA,739.4,NA,NA,736.2,NA,NA,727.4,NA,NA,706.8,NA,NA,696.6,NA,NA,682.6,NA,NA,598.5,NA,1581696,1353510,850425,976801.32,670768.56,NA,NA,595267.92,NA,NA,NA,NA,NA,NA,NA,NA,NA,NA,NA,NA
33,"2024-06-25","dead","dead","K",32.9456400749674,"15:14:14",26.71,1602.6,"08:02:38",22.9916475507531,20.81,1248.6,"09:28:44",11.8234188872168,15.09,905.4,"08:37:55",18.6178643349778,19.32,1159.2,"10:20:59",17.2028258735675,14.55,873,"10:22:11",20.6632865217773,13.31,798.6,"10:14:00",7.78453703611861,7.27,436.2,NA,NA,NA,NA,NA,NA,NA,NA,NA,NA,NA,NA,NA,NA,NA,NA,NA,NA,NA,NA,NA,NA,NA,NA,NA,NA,NA,NA,NA,NA,NA,NA,NA,NA,NA,NA,NA,NA,NA,NA,NA,NA,NA,NA,NA,NA,NA,NA,NA,NA,NA,NA,715,818.5,0.873507468181295,730.4,815.6,0.895511631166615,752,819.4,0.917979321990202,732.8,808.8,0.906049743162922,738.6,806.2,0.916112314049336,720.8,811,0.889481961875315,756,796.8,0.948794584126965,NA,778.2,NA,NA,778,NA,NA,761.6,NA,NA,759.4,NA,NA,749.6,NA,NA,744.6,NA,NA,739.4,NA,NA,736.2,NA,NA,727.4,NA,NA,706.8,NA,NA,696.6,NA,NA,682.6,NA,NA,598.5,NA,1145859,911977.44,680860.8,849461.76,644797.8,575630.88,329767.2,NA,NA,NA,NA,NA,NA,NA,NA,NA,NA,NA,NA,NA
18,"2024-06-25","nut","NH4","F",46.2441800406997,"15:41:34",34.63,2077.8,"14:05:08",36.6714268551949,24.43,1465.8,"07:55:20",34.7669426569424,27.03,1621.8,"11:30:35",30.0610004303904,24.93,1495.8,"09:56:43",22.0191307096947,13.18,790.8,"11:11:10",47.9028344255282,25.67,1540.2,"10:57:36",38.0725567080125,20.53,1231.8,"09:46:02",55.8120534622479,42.33,2539.8,"07:57:05",36.0337734308867,31.59,1895.4,"10:07:40",62.09556712201,45.19,2711.4,"09:41:26",33.1700511475379,26.24,1574.4,"10:40:48",31.6056876197026,24.45,1467,"10:59:16",26.3433240705262,20.84,1250.4,"10:46:55",25.7300616926713,18.71,1122.6,"11:04:31",28.9277599969434,19.83,1189.8,"09:55:26",37.0499239595318,27.34,1640.4,"09:08:11",50.1482177483584,35.91,2154.6,"10:11:36",41.3093207107216,28.96,1737.6,"10:58:17",51.5952383631525,33.77,2026.2,"10:43:48",39.6557440918963,26.83,1609.8,693,818.5,0.846605660767558,690.6,815.6,0.846630899322697,705.8,819.4,0.861654628687472,712.2,808.8,0.88056659548693,722.2,806.2,0.895737656026356,661.8,811,0.816557395657794,679.8,796.8,0.853164684966481,631.4,778.2,0.811182234156967,638.2,778,0.821030629186486,583.8,761.6,0.766440633063616,649.6,759.4,0.855414857235252,641.2,749.6,0.85546408303427,659.4,744.6,0.885614571592269,664.6,739.4,0.898821935878373,646.6,736.2,0.878288252238448,609.2,727.4,0.837473660218397,557,706.8,0.787529320874051,565,696.6,0.81095735686638,522.6,682.6,0.765497660139547,470.25,598.5,0.778493530349172,1439915.4,1012281.48,1144666.44,1065308.76,571115.76,1019304.36,837377.64,1603629.72,1209644.28,1582915.32,1022730.24,940640.4,824513.76,746079.96,769324.68,999331.68,1200112.2,981744,1058892.12,757008.45
31,"2024-06-25","nut","NH4","K",40.3994445100515,"15:46:09",32.34,1940.4,"14:29:24",46.4961208471504,27.95,1677,"11:32:04",36.5474679696232,25.45,1527,"10:32:31",24.130723983268,15.21,912.6,"08:39:32",26.6173801033053,21.67,1300.2,"09:23:18",24.8398778504347,15.44,926.4,"09:07:46",22.4179861248771,11.6,696,"11:35:50",36.658478814615,22.47,1348.2,"08:30:16",30.8479640130549,20.91,1254.6,"10:34:28",24.1242776525974,15.86,951.6,"10:05:18",20.4229065546233,15.88,952.8,"11:05:20",23.9173474729393,16.95,1017,"10:32:57",17.3788744595241,16.35,981,"11:58:15",16.5969452287545,14.97,898.2,"10:36:14",18.5705044335337,16.7,1002,"10:14:43",24.0646502461978,18.89,1133.4,"09:59:42",17.9370880107421,15.4,924,"11:29:03",28.4919215652502,21.95,1317,"11:17:58",20.498174639576,18.5,1110,"09:59:33",17.0401164012906,16.38,982.8,701.5,818.5,0.85699282889351,670.4,815.6,0.821833728085676,702.6,819.4,0.857748049091115,725,808.8,0.896402903407475,711.6,806.2,0.882581890366903,711,811,0.877290236696127,714,796.8,0.896077711369669,656.6,778.2,0.843618583079257,650.4,778,0.836817536405858,673.6,761.6,0.88441288104619,686.6,759.4,0.904156509268403,657.6,749.6,0.877300075635014,682.2,744.6,0.916221189774603,685.6,739.4,0.927233913535854,677.6,736.2,0.92039942733675,642.2,727.4,0.882877174820467,646.8,706.8,0.915116657768298,605.2,696.6,0.868577713079681,611.8,682.6,0.896198554443721,546.25,598.5,0.9101831147401,1361190.6,1124260.8,1072870.2,661635,925222.32,658670.4,496944,885228.12,815991.84,640997.76,654192.48,668779.2,669238.2,615805.92,678955.2,727869.48,597643.2,797048.4,679098,536854.5
37,"2024-06-25","dead","dead","M",36.6260112869972,"15:50:47",29.09,1745.4,"10:44:19",39.3885141078488,29.11,1746.6,"11:27:08",34.3405063463509,28.15,1689,"10:37:19",39.6145472030471,25.12,1507.2,NA,NA,NA,NA,"09:03:38",18.5456142373085,10.87,652.2,"08:28:15",51.1231187307063,24.78,1486.8,"11:12:27",120.369057695627,60.97,3658.2,NA,NA,NA,NA,NA,NA,NA,NA,NA,NA,NA,NA,NA,NA,NA,NA,NA,NA,NA,NA,NA,NA,NA,NA,NA,NA,NA,NA,NA,NA,NA,NA,NA,NA,NA,NA,NA,NA,NA,NA,NA,NA,NA,NA,NA,NA,NA,NA,710.25,818.5,0.867694956135451,682.6,815.6,0.836814757947774,706.8,819.4,0.862877962004463,694.8,808.8,0.859065537520645,NA,806.2,NA,726.2,811,0.896208764431763,659,796.8,0.827129486266313,524.8,778.2,0.674221358737127,NA,778,NA,NA,761.6,NA,NA,759.4,NA,NA,749.6,NA,NA,744.6,NA,NA,739.4,NA,NA,736.2,NA,NA,727.4,NA,NA,706.8,NA,NA,696.6,NA,NA,682.6,NA,NA,598.5,NA,1239670.35,1192229.16,1193785.2,1047202.56,NA,473627.64,979801.2,1919823.36,NA,NA,NA,NA,NA,NA,NA,NA,NA,NA,NA,NA
23,"2024-06-25","nut","NO3","H",50.1675213830158,"15:56:08",37.11,2226.6,"09:49:21",39.0520461134777,26.49,1589.4,"09:58:30",32.1046473554633,26.81,1608.6,"09:15:26",32.3289945984584,24.12,1447.2,"07:31:26",31.3236577438194,22.29,1337.4,"08:33:55",51.5233877709347,32.65,1959,"08:05:43",31.0026046243197,19.86,1191.6,"08:40:22",36.3001384724858,26.34,1580.4,"09:45:50",40.5261123397299,29.17,1750.2,"09:01:07",29.9157897257626,24.93,1495.8,"10:44:57",33.0394674297765,24.39,1463.4,"09:59:51",44.6316187811942,28.57,1714.2,"09:56:47",30.8664166300489,24.53,1471.8,"11:25:53",27.2223139620021,20.9,1254,"10:07:39",34.1208684214525,24.53,1471.8,"09:35:43",33.7433999254503,25.29,1517.4,"09:13:05",45.7307466533347,33.02,1981.2,"09:55:00",43.1769404105211,29.84,1790.4,"11:07:56",40.6937508994472,27.03,1621.8,"11:18:59",39.8951626774589,26.85,1611,689.75,818.5,0.842632145899088,683.8,815.6,0.838287766141868,712.2,819.4,0.869487686571864,708,808.8,0.875379206775709,703.4,806.2,0.872405486985921,653.4,811,0.806230326702335,693.8,796.8,0.870742550116758,657.2,778.2,0.844392786966301,627.4,778,0.807296293029318,653.6,761.6,0.858104128397246,650.2,759.4,0.856206785475425,614.2,749.6,0.819401591342048,649.2,744.6,0.87193051381393,661.6,739.4,0.894765998870899,635.2,736.2,0.862807202358231,617.2,727.4,0.848465371721096,568.4,706.8,0.803806674012895,553.2,696.6,0.793988896105166,566,682.6,0.829083026150149,469.5,598.5,0.777387330838928,1535797.35,1086831.72,1145644.92,1024617.6,940727.16,1280010.6,826732.08,1038638.88,1098075.48,977654.88,951502.68,1052861.64,955492.56,829646.4,934887.36,936539.28,1126114.08,990449.28,917938.8,756364.5
36,"2024-06-25","CTL","CTL","L",24.1337974805621,"16:01:02",22.06,1323.6,"09:37:48",33.9178611656238,26.93,1615.8,"08:49:44",11.6488256846332,15.18,910.8,"07:53:39",17.0160960062213,16.5,990,"08:59:06",21.1816315443056,17.8,1068,"08:12:43",7.97645558141553,6.86,411.6,"07:27:16",16.8090398725293,7.39,443.4,"10:15:50",17.2047040025152,16.3,978,"08:44:41",14.5107056828667,12.52,751.2,"10:54:02",13.2815699159782,13.58,814.8,"10:14:21",7.92106742988134,7.2,432,NA,NA,NA,NA,NA,NA,NA,NA,NA,NA,NA,NA,NA,NA,NA,NA,NA,NA,NA,NA,NA,NA,NA,NA,NA,NA,NA,NA,NA,NA,NA,NA,NA,NA,NA,NA,728.5,818.5,0.890007179739658,698.6,815.6,0.856462164423261,753,819.4,0.919205721035098,737.4,808.8,0.911735855253828,724.4,806.2,0.898466338281854,754,811,0.930393640618769,730.6,796.8,0.916918991856482,703.4,778.2,0.903797283934297,695,778,0.89422369497801,704,761.6,0.924351728928053,722,759.4,0.950752882152906,NA,749.6,NA,NA,744.6,NA,NA,739.4,NA,NA,736.2,NA,NA,727.4,NA,NA,706.8,NA,NA,696.6,NA,NA,682.6,NA,NA,598.5,NA,964242.6,1128797.88,685832.4,730026,773659.2,310346.4,323948.04,687925.2,522084,573619.2,311904,NA,NA,NA,NA,NA,NA,NA,NA,NA
32,"2024-06-25","dead","dead","K",48.2848493549862,"16:06:16",35.72,2143.2,"15:56:08",38.4945855596125,26.84,1610.4,"10:52:27",32.4590158436214,25.32,1519.2,"09:48:14",22.7405491821252,18.8,1128,"07:20:10",21.4705068414458,14.97,898.2,"09:54:35",5.26593019822673,4.43,265.8,"09:53:11",11.5455227824053,6.59,395.4,NA,NA,NA,NA,NA,NA,NA,NA,NA,NA,NA,NA,NA,NA,NA,NA,NA,NA,NA,NA,NA,NA,NA,NA,NA,NA,NA,NA,NA,NA,NA,NA,NA,NA,NA,NA,NA,NA,NA,NA,NA,NA,NA,NA,NA,NA,NA,NA,NA,NA,NA,NA,691.75,818.5,0.845075285197755,685.2,815.6,0.840001682602414,711.8,819.4,0.86899596900573,727.2,808.8,0.899123564820192,723.8,806.2,0.897719137953905,766.4,811,0.945634080747914,743.2,796.8,0.932739026794538,NA,778.2,NA,NA,778,NA,NA,761.6,NA,NA,759.4,NA,NA,749.6,NA,NA,744.6,NA,NA,739.4,NA,NA,736.2,NA,NA,727.4,NA,NA,706.8,NA,NA,696.6,NA,NA,682.6,NA,NA,598.5,NA,1482558.6,1103446.08,1081366.56,820281.6,650117.16,203709.12,293861.28,NA,NA,NA,NA,NA,NA,NA,NA,NA,NA,NA,NA,NA
39,"2024-06-25","nut","NO3","M",32.4216035742601,"16:11:11",26.5,1590,"14:49:02",50.6581917102736,25.46,1527.6,"08:06:01",31.4398876533212,25.84,1550.4,"11:21:09",40.1682927900989,28.46,1707.6,"09:18:26",22.8979766580198,17.56,1053.6,"11:26:28",41.4648597433939,21.64,1298.4,"11:20:59",24.5835930471011,16.35,981,"09:36:26",54.1330432068937,38.52,2311.2,"08:49:13",48.1908823793815,37.24,2234.4,"10:49:22",15.5226174005231,15.23,913.8,"09:55:51",16.3834275949522,14.78,886.8,"11:15:23",40.0993118166809,30.09,1805.4,"10:28:08",43.3679686595382,32.96,1977.6,"11:53:22",32.9567184631969,23.25,1395,"10:50:36",32.0562219488081,26.15,1569,"10:36:16",38.4897370058329,29.66,1779.6,"10:15:08",39.5573511698262,29.5,1770,"10:32:06",40.5643336188397,30.46,1827.6,"10:53:40",55.9543982255268,38.24,2294.4,"11:09:37",37.9280444734711,27.19,1631.4,715.75,818.5,0.87442360139548,664.2,815.6,0.814223817597454,712.8,819.4,0.870224501443723,694.2,808.8,0.858323265446913,718.8,806.2,0.891514824757419,676.8,811,0.835050164790198,708.6,796.8,0.889296325430417,634.6,778.2,0.815309735184676,607,778,0.78108586987539,698.6,761.6,0.917270373592855,696.4,759.4,0.917057082181819,621.6,749.6,0.829282063392341,612.2,744.6,0.822208246828197,645.4,739.4,0.872858473907395,638.8,736.2,0.867698887447215,605.2,727.4,0.831979139086869,585,706.8,0.827381368527298,567.4,696.6,0.814415828847204,501.4,682.6,0.734462266637409,478.25,598.5,0.791259089241483,1138042.5,1014631.92,1105125.12,1185415.92,757327.68,878757.12,695136.6,1466687.52,1356280.8,638380.68,617567.52,1122236.64,1210686.72,900333,1002277.2,1077013.92,1035450,1036980.24,1150412.16,780217.05
28,"2024-06-25","nut","NH4","J",51.0888608725326,"16:16:00",38.83,2329.8,"08:45:35",52.0437910283754,37.36,2241.6,"08:55:43",32.6224388810872,27.61,1656.6,"08:47:47",33.1943418821319,26.44,1586.4,"10:11:46",31.7092660840731,21.41,1284.6,"10:26:42",26.5643246004746,14.88,892.8,"09:57:47",36.6081208352573,17.17,1030.2,"09:10:53",25.1407233896921,20.63,1237.8,"07:28:43",36.3483873492989,28.55,1713,"09:52:54",31.2644327087884,27.21,1632.6,"09:15:45",59.9761419016364,33.51,2010.6,"10:22:03",37.6447351643759,28.47,1708.2,"11:04:25",29.8435260268543,22.7,1362,"11:07:17",41.1785464840808,25.22,1513.2,"11:14:37",50.0720513621792,29.78,1786.8,"10:09:52",30.1278415042018,20.47,1228.2,"09:39:04",48.9009172203223,33.51,2010.6,"10:21:40",37.520195147959,25.31,1518.6,"11:03:05",36.0800053561275,21.37,1282.2,"11:29:03",29.7464258645156,16.5,990,687.5,818.5,0.839880767287958,662,815.6,0.811521397049197,711.2,819.4,0.868268576948513,707,808.8,0.874142171520936,702.6,806.2,0.871407979200665,707.2,811,0.872640635771881,681.8,796.8,0.855679329631785,681.8,778.2,0.876056666937247,637.6,778,0.8202681344251,650.4,761.6,0.853897663123614,598,759.4,0.787488581808991,626.8,749.6,0.836235150626658,651.8,744.6,0.875417690131488,628.8,739.4,0.850401295716221,602.4,736.2,0.818246675968799,626.4,727.4,0.861130117911277,560.8,706.8,0.792892790020134,578.2,696.6,0.829897378256249,577.6,682.6,0.846082874439108,512.75,598.5,0.851640621169972,1601737.5,1483939.2,1178173.92,1121584.8,902559.96,631388.16,702390.36,843932.04,1092208.8,1061843.04,1202338.8,1070699.76,887751.6,951500.16,1076368.32,769344.48,1127544.48,878054.52,740598.72,507622.5
